100,'Berta','Zenas','Berta.Zenas@yopmail.com'
101,'Frank','Hollingsworth','Frank.Hollingsworth@yopmail.com'
102,'Kylynn','Sikorski','Kylynn.Sikorski@yopmail.com'
103,'Kimmy','Fontana','Kimmy.Fontana@yopmail.com'
104,'Nerta','Papageno','Nerta.Papageno@yopmail.com'
105,'Karolina','Beniamino','Karolina.Beniamino@yopmail.com'
106,'Philis','Kannry','Philis.Kannry@yopmail.com'
107,'Carree','Drisko','Carree.Drisko@yopmail.com'
108,'Ermengarde','Salchunas','Ermengarde.Salchunas@yopmail.com'
109,'Adele','Edvard','Adele.Edvard@yopmail.com'
110,'Cissiee','Wesle','Cissiee.Wesle@yopmail.com'
111,'Lorne','Rad','Lorne.Rad@yopmail.com'
112,'Roslyn','Chaing','Roslyn.Chaing@yopmail.com'
113,'Aryn','Eachern','Aryn.Eachern@yopmail.com'
114,'Christy','Fax','Christy.Fax@yopmail.com'
115,'Lucille','Kat','Lucille.Kat@yopmail.com'
116,'Rayna','Winthorpe','Rayna.Winthorpe@yopmail.com'
117,'Ayn','Leonard','Ayn.Leonard@yopmail.com'
118,'Hermione','Stoller','Hermione.Stoller@yopmail.com'
119,'Gerrie','Tatianas','Gerrie.Tatianas@yopmail.com'